{"inputUnits":[42],"outputUnits":2,"inputs":{"0":{"dtype":"number","min":266.05904886348674,"max":305.7422420953666},"1":{"dtype":"number","min":331.7674499764605,"max":383.57154130891786},"2":{"dtype":"number","min":255.21091060667317,"max":383.2344242285674},"3":{"dtype":"number","min":290.319078533297,"max":341.4492858143542},"4":{"dtype":"number","min":233.94694729527907,"max":435.50122227048394},"5":{"dtype":"number","min":239.5809301072353,"max":315.3202173093728},"6":{"dtype":"number","min":213.0907453185414,"max":477.47892865775947},"7":{"dtype":"number","min":197.43100178487745,"max":322.5427124712108},"8":{"dtype":"number","min":177.69027446781615,"max":513.1406879631829},"9":{"dtype":"number","min":155.29736124927678,"max":329.10556903086683},"10":{"dtype":"number","min":225.5017920836549,"max":448.0476067637969},"11":{"dtype":"number","min":223.8522756852549,"max":299.25941754582743},"12":{"dtype":"number","min":288.7405681253411,"max":516.7922200793056},"13":{"dtype":"number","min":218.92760524196422,"max":326.89223134097296},"14":{"dtype":"number","min":290.6217234105438,"max":521.7126328126647},"15":{"dtype":"number","min":229.24427147240328,"max":346.8686412018978},"16":{"dtype":"number","min":277.2029670854429,"max":521.5679583553429},"17":{"dtype":"number","min":235.7683304310669,"max":346.1658300709649},"18":{"dtype":"number","min":250.63489842904477,"max":428.7300422408582},"19":{"dtype":"number","min":261.31032286260313,"max":331.31296114957746},"20":{"dtype":"number","min":316.29353369860166,"max":498.2001194873414},"21":{"dtype":"number","min":230.83848537983818,"max":355.9122366116151},"22":{"dtype":"number","min":315.9684340507941,"max":494.84190442630813},"23":{"dtype":"number","min":243.68854239029284,"max":372.4223564000954},"24":{"dtype":"number","min":296.3810344926645,"max":485.29292023661503},"25":{"dtype":"number","min":255.9795093301119,"max":369.6818746828256},"26":{"dtype":"number","min":260.7831966873749,"max":408.12341030242817},"27":{"dtype":"number","min":297.64864911823094,"max":367.4741319286536},"28":{"dtype":"number","min":332.6718188831863,"max":472.9005889240253},"29":{"dtype":"number","min":256.57543702704237,"max":387.41241047250196},"30":{"dtype":"number","min":327.1283362684224,"max":464.59109955658596},"31":{"dtype":"number","min":266.51542026788877,"max":393.2675065463171},"32":{"dtype":"number","min":314.40672587175396,"max":451.8922921351726},"33":{"dtype":"number","min":278.27398652728414,"max":387.71803474368653},"34":{"dtype":"number","min":266.86498278163475,"max":388.40707058628357},"35":{"dtype":"number","min":319.6094397020425,"max":403.94441783244656},"36":{"dtype":"number","min":323.33895526192293,"max":440.8305771113605},"37":{"dtype":"number","min":285.05448650245506,"max":417.22642782163587},"38":{"dtype":"number","min":320.5872065090992,"max":441.9489183394661},"39":{"dtype":"number","min":283.5631294231861,"max":418.94782888106334},"40":{"dtype":"number","min":313.9580848412576,"max":437.34642474052873},"41":{"dtype":"number","min":284.90880647779125,"max":414.3851089484528}},"outputs":{"0":{"dtype":"number","min":0.015270873882852642,"max":255.45755731004297},"1":{"dtype":"number","min":0.11538391435103812,"max":255.46032705321767}},"isNormalized":true}