{"inputUnits":[51],"outputUnits":3,"inputs":{"0":{"dtype":"number","min":0.06669522821903229,"max":0.999947190284729},"1":{"dtype":"number","min":234.34004894212063,"max":399.3868441451848},"2":{"dtype":"number","min":201.29746017752916,"max":272.192515807393},"3":{"dtype":"number","min":0.027143165469169617,"max":0.9998928308486938},"4":{"dtype":"number","min":208.39247932879374,"max":409.89003982247084},"5":{"dtype":"number","min":202.91750896765564,"max":244.33487354085605},"6":{"dtype":"number","min":0.021823056042194366,"max":0.9999210834503174},"7":{"dtype":"number","min":261.71659168287937,"max":396.798383542072},"8":{"dtype":"number","min":193.53445327699416,"max":241.94677924367704},"9":{"dtype":"number","min":0.055430926382541656,"max":0.9618454575538635},"10":{"dtype":"number","min":185.02250273589493,"max":283.26526021400775},"11":{"dtype":"number","min":181.68610925340465,"max":264.50677893968873},"12":{"dtype":"number","min":0.024671806022524834,"max":0.9855337142944336},"13":{"dtype":"number","min":320.6662550158074,"max":416.0242202699416},"14":{"dtype":"number","min":230.39431085846303,"max":274.0415628039883},"15":{"dtype":"number","min":0.15472115576267242,"max":0.9917657971382141},"16":{"dtype":"number","min":148.87483280642022,"max":212.92973309824902},"17":{"dtype":"number","min":304.9826346668288,"max":417.59910019455253},"18":{"dtype":"number","min":0.6280718445777893,"max":0.9834244847297668},"19":{"dtype":"number","min":410.6383260882782,"max":474.7037709751945},"20":{"dtype":"number","min":338.7179672300584,"max":415.95482733463035},"21":{"dtype":"number","min":0.12272976338863373,"max":0.8690170049667358},"22":{"dtype":"number","min":-0.4544169503891453,"max":187.86669351896887},"23":{"dtype":"number","min":413.0751459143969,"max":562.6656736381323},"24":{"dtype":"number","min":0.0637483298778534,"max":0.9488298892974854},"25":{"dtype":"number","min":60.273635092412405,"max":588.8346588491002},"26":{"dtype":"number","min":400.77539822470817,"max":564.8761247568093},"27":{"dtype":"number","min":0.0710371807217598,"max":0.7617930769920349},"28":{"dtype":"number","min":37.20301100437746,"max":538.2804596303502},"29":{"dtype":"number","min":172.21643588886187,"max":496.85615272373536},"30":{"dtype":"number","min":0.015239217318594456,"max":0.9039146900177002},"31":{"dtype":"number","min":10.429657101167322,"max":528.1895101228113},"32":{"dtype":"number","min":170.33032131566148,"max":571.0355362354086},"33":{"dtype":"number","min":0.02206818200647831,"max":0.18723872303962708},"34":{"dtype":"number","min":75.8294017509728,"max":302.27368829036965},"35":{"dtype":"number","min":407.5266369771401,"max":576.2050097276265},"36":{"dtype":"number","min":0.035249341279268265,"max":0.3440597653388977},"37":{"dtype":"number","min":121.47765685797663,"max":550.768556587427},"38":{"dtype":"number","min":541.2024638253891,"max":578.6543956712062},"39":{"dtype":"number","min":0.020885970443487167,"max":0.07079651206731796},"40":{"dtype":"number","min":74.89045780642027,"max":580.1819731122325},"41":{"dtype":"number","min":356.33306481031127,"max":548.0320175705253},"42":{"dtype":"number","min":0.019293639808893204,"max":0.08722595870494843},"43":{"dtype":"number","min":29.542619163424092,"max":562.5503176678016},"44":{"dtype":"number","min":347.3748328064202,"max":568.8361806906615},"45":{"dtype":"number","min":0.022318925708532333,"max":0.05688957870006561},"46":{"dtype":"number","min":6.442698200389145,"max":563.7943328976168},"47":{"dtype":"number","min":192.28857611867704,"max":568.5597793044748},"48":{"dtype":"number","min":0.01643294095993042,"max":0.04530838504433632},"49":{"dtype":"number","min":4.750547178988313,"max":555.2998730848735},"50":{"dtype":"number","min":340.318047786965,"max":572.1574811527238}},"outputs":{"0":{"dtype":"string","min":0,"max":1,"uniqueValues":["A","B","C"],"legend":{"A":[1,0,0],"B":[0,1,0],"C":[0,0,1]}}},"isNormalized":true}