{"inputUnits":[42],"outputUnits":3,"inputs":{"0":{"dtype":"number","min":88.53549490493367,"max":404.8209737313739},"1":{"dtype":"number","min":214.53539093599406,"max":431.38406379028254},"2":{"dtype":"number","min":134.66832246059897,"max":447.20280263005066},"3":{"dtype":"number","min":198.29332827374458,"max":420.6474450205231},"4":{"dtype":"number","min":161.61146580254558,"max":478.935367255964},"5":{"dtype":"number","min":168.6911593786485,"max":395.7324052760557},"6":{"dtype":"number","min":157.4609267208043,"max":497.5687683343043},"7":{"dtype":"number","min":127.98939466256161,"max":379.66671913371704},"8":{"dtype":"number","min":139.35561344041548,"max":519.8728199976764},"9":{"dtype":"number","min":97.30923683331503,"max":367.60499008517684},"10":{"dtype":"number","min":157.7168508606813,"max":466.7162952230282},"11":{"dtype":"number","min":120.17852404469238,"max":334.29015189682514},"12":{"dtype":"number","min":156.64904629128887,"max":481.98338209499076},"13":{"dtype":"number","min":79.37219636834807,"max":291.29323336378025},"14":{"dtype":"number","min":151.96878058267072,"max":498.6218449138875},"15":{"dtype":"number","min":50.86560556409873,"max":266.41054057659437},"16":{"dtype":"number","min":147.937294437961,"max":512.2725410279155},"17":{"dtype":"number","min":31.19349225235493,"max":283.34769565298376},"18":{"dtype":"number","min":130.70206226894084,"max":443.3610643383764},"19":{"dtype":"number","min":120.47729531586356,"max":335.5753916348161},"20":{"dtype":"number","min":129.3333306589455,"max":459.40442266035564},"21":{"dtype":"number","min":71.12140732563962,"max":283.14119873215645},"22":{"dtype":"number","min":126.46896594384827,"max":477.4772932899758},"23":{"dtype":"number","min":42.45697088840622,"max":278.51751653077326},"24":{"dtype":"number","min":122.3370495335862,"max":491.2135478888138},"25":{"dtype":"number","min":21.1331886920521,"max":291.34137427454897},"26":{"dtype":"number","min":100.97322075370289,"max":417.0989563339399},"27":{"dtype":"number","min":126.31676899425754,"max":346.3173989499746},"28":{"dtype":"number","min":102.45684888363417,"max":433.526872242883},"29":{"dtype":"number","min":76.59187277458662,"max":335.66010308424916},"30":{"dtype":"number","min":103.28834184498123,"max":445.68541757668623},"31":{"dtype":"number","min":46.94973062762685,"max":368.86396503669704},"32":{"dtype":"number","min":98.39984316610207,"max":457.5316345258806},"33":{"dtype":"number","min":22.99498578271431,"max":390.4220574053601},"34":{"dtype":"number","min":71.55156221133643,"max":390.5203798963937},"35":{"dtype":"number","min":133.86590883223235,"max":361.8263966493612},"36":{"dtype":"number","min":72.32387767857608,"max":412.4118860880144},"37":{"dtype":"number","min":93.94397071301833,"max":364.1164629217186},"38":{"dtype":"number","min":65.66257591749161,"max":415.31147786868826},"39":{"dtype":"number","min":69.773642966768,"max":399.5212349928805},"40":{"dtype":"number","min":61.61029140338462,"max":412.04482233559196},"41":{"dtype":"number","min":49.214778966239095,"max":425.8611844923438}},"outputs":{"0":{"dtype":"string","min":0,"max":1,"uniqueValues":["A","B","C"],"legend":{"A":[1,0,0],"B":[0,1,0],"C":[0,0,1]}}},"isNormalized":true}