{"inputUnits":[34],"outputUnits":2,"inputs":{"0":{"dtype":"number","min":100.55771218385212,"max":396.34126109557394},"1":{"dtype":"number","min":270.0953003404669,"max":318.53276234192606},"2":{"dtype":"number","min":83.21217625243185,"max":385.67993449051556},"3":{"dtype":"number","min":241.80504468628408,"max":304.0840071741245},"4":{"dtype":"number","min":117.23774167071986,"max":433.5810280885214},"5":{"dtype":"number","min":238.37710131930936,"max":308.67924671692606},"6":{"dtype":"number","min":86.57383116488325,"max":339.6287428562743},"7":{"dtype":"number","min":249.4120865758755,"max":337.8798334143969},"8":{"dtype":"number","min":201.543546327821,"max":458.66378891050584},"9":{"dtype":"number","min":251.08352839250972,"max":341.28704857733464},"10":{"dtype":"number","min":116.20224343385212,"max":190.65666038424126},"11":{"dtype":"number","min":392.724609375,"max":443.0893953672179},"12":{"dtype":"number","min":375.57025170233464,"max":450.0624012037938},"13":{"dtype":"number","min":399.0129879012646,"max":435.9276583779183},"14":{"dtype":"number","min":14.21165187256804,"max":104.44659685068098},"15":{"dtype":"number","min":366.7020686405642,"max":568.4167527966927},"16":{"dtype":"number","min":6.237582076848184,"max":485.50694613326846},"17":{"dtype":"number","min":334.91317333414395,"max":571.0055173881323},"18":{"dtype":"number","min":13.19427893968873,"max":280.9317698200389},"19":{"dtype":"number","min":363.3804641901751,"max":558.2538910505837},"20":{"dtype":"number","min":10.632569309338464,"max":278.3582046449416},"21":{"dtype":"number","min":363.75775170233464,"max":532.6112217290856},"22":{"dtype":"number","min":8.579888132295764,"max":165.62318366974705},"23":{"dtype":"number","min":350.98872203307394,"max":571.8696042071984},"24":{"dtype":"number","min":4.413044139105068,"max":471.51160855423154},"25":{"dtype":"number","min":353.36287086575874,"max":564.5759362840467},"26":{"dtype":"number","min":2.414168895914372,"max":518.1622271704766},"27":{"dtype":"number","min":376.58659107490274,"max":542.7160217047665},"28":{"dtype":"number","min":1.1330860894940997,"max":514.4359572592413},"29":{"dtype":"number","min":376.8144303258755,"max":546.2722291464008},"30":{"dtype":"number","min":34.00087396643971,"max":158.379483827821},"31":{"dtype":"number","min":422.00107915856034,"max":551.7122522495137},"32":{"dtype":"number","min":3.5632827699416794,"max":161.13559399319064},"33":{"dtype":"number","min":428.53021643968873,"max":514.312720391537}},"outputs":{"0":{"dtype":"number","min":0.027704643311981192,"max":255.48627595052645},"1":{"dtype":"number","min":0.004766955078438606,"max":255.46851796650205}},"isNormalized":true}